condition,l_length,pres_rate,serial_position,pearson_r,p_value
10-2,10.0,2000.0,1,0.2911281148134954,0.014480746689282556
10-2,10.0,2000.0,2,-0.17982247044283792,0.13633337996604594
10-2,10.0,2000.0,3,-0.1566687477668725,0.19525194097603044
10-2,10.0,2000.0,4,-0.044076528246132445,0.7171227154844612
10-2,10.0,2000.0,5,0.17046409805213641,0.15828148133809367
10-2,10.0,2000.0,6,0.30419507507871274,0.010460071330016495
10-2,10.0,2000.0,7,0.2850985814161064,0.016746179721022394
10-2,10.0,2000.0,8,0.3497869270582379,0.002995398300360176
10-2,10.0,2000.0,9,0.5169430664197291,4.6121931217821515e-06
10-2,10.0,2000.0,10,0.3740957884003109,0.0014215225368536329
20-1,20.0,1000.0,1,0.20763313497557537,0.08230189275541576
20-1,20.0,1000.0,2,0.14055802567314007,0.24234100016894927
20-1,20.0,1000.0,3,0.10151356926147359,0.3995837780226726
20-1,20.0,1000.0,4,-0.09660829005679494,0.42286309651783
20-1,20.0,1000.0,5,-0.07954356645065624,0.5096420542893342
20-1,20.0,1000.0,6,-0.12323649227998845,0.30588881411627167
20-1,20.0,1000.0,7,-0.1098705643251183,0.3617062788969064
20-1,20.0,1000.0,8,0.05061939839058817,0.675051905640915
20-1,20.0,1000.0,9,-0.12541346773469955,0.29735759141230306
20-1,20.0,1000.0,10,0.046854533501526505,0.6980095359600537
20-1,20.0,1000.0,11,-0.023281423113165178,0.8471807822169254
20-1,20.0,1000.0,12,-0.02272360964418216,0.8507997081288493
20-1,20.0,1000.0,13,-0.19845611592807968,0.0970984664352622
20-1,20.0,1000.0,14,-0.17708737810816805,0.13957300387940627
20-1,20.0,1000.0,15,-0.0725911635892998,0.547439428965634
20-1,20.0,1000.0,16,0.2088516976238795,0.08047949138278494
20-1,20.0,1000.0,17,0.3044766622396157,0.009833276304746055
20-1,20.0,1000.0,18,0.35764015748494316,0.0021986332905447412
20-1,20.0,1000.0,19,0.5292424518804498,2.083022380434528e-06
20-1,20.0,1000.0,20,0.5319817656111481,1.8030964502082557e-06
15-2,15.0,2000.0,1,0.26511124874677927,0.010223064558426594
15-2,15.0,2000.0,2,0.021752607356269344,0.8360396310292526
15-2,15.0,2000.0,3,-0.08139563536564101,0.4379715870173896
15-2,15.0,2000.0,4,-0.09956334549239884,0.3423509691515629
15-2,15.0,2000.0,5,-0.1339686709062808,0.2004559351038867
15-2,15.0,2000.0,6,-0.06407659816676077,0.5417276494258868
15-2,15.0,2000.0,7,-0.13264184056686282,0.20499081868942923
15-2,15.0,2000.0,8,-0.16769062573804344,0.10812511366794476
15-2,15.0,2000.0,9,-0.12348118544348594,0.23830929184879324
15-2,15.0,2000.0,10,-0.256470794496167,0.013082326503450491
15-2,15.0,2000.0,11,0.2180617681714838,0.035745520544680186
15-2,15.0,2000.0,12,0.1074242539340769,0.3054007753877929
15-2,15.0,2000.0,13,0.3518587326392466,0.0005429819862356821
15-2,15.0,2000.0,14,0.4413198480794881,9.515675697033676e-06
15-2,15.0,2000.0,15,0.43122114338719075,1.5944485539856674e-05
30-1,30.0,1000.0,1,0.2605611421020102,0.023008430479622075
30-1,30.0,1000.0,2,0.0519021454789689,0.6561218977726242
30-1,30.0,1000.0,3,-0.02876615032304343,0.805161831363558
30-1,30.0,1000.0,4,-0.023307461973549527,0.8415984043430611
30-1,30.0,1000.0,5,-0.00277211103535313,0.9810390833354787
30-1,30.0,1000.0,6,-0.12183848071211502,0.2944212355666083
30-1,30.0,1000.0,7,0.043454502523381185,0.7093528943558249
30-1,30.0,1000.0,8,0.1450208997916351,0.2113252272341008
30-1,30.0,1000.0,9,0.07809933841788166,0.5024781501879516
30-1,30.0,1000.0,10,0.031460887342733744,0.7873211263940798
30-1,30.0,1000.0,11,0.2051042735509035,0.07550708881411483
30-1,30.0,1000.0,12,0.135776660199772,0.24220981632557986
30-1,30.0,1000.0,13,-0.0142478601940642,0.9027742243035983
30-1,30.0,1000.0,14,-0.05495884776515443,0.6372578728344317
30-1,30.0,1000.0,15,0.15605786290991958,0.17823878833230855
30-1,30.0,1000.0,16,-0.055135384186748945,0.6361752544845081
30-1,30.0,1000.0,17,0.03366603880825078,0.7728022199003209
30-1,30.0,1000.0,18,0.07869243523458049,0.49922855949847533
30-1,30.0,1000.0,19,0.2038096199866527,0.07741090877330892
30-1,30.0,1000.0,20,-0.05596922262016261,0.6310720137547634
30-1,30.0,1000.0,21,-0.014138031167302934,0.9035200822615473
30-1,30.0,1000.0,22,0.10103719672175414,0.3851485318014523
30-1,30.0,1000.0,23,-0.1617809719594583,0.16264947960606427
30-1,30.0,1000.0,24,-0.07503975944584707,0.5194140944810303
30-1,30.0,1000.0,25,-0.01979418030999662,0.8652316391711111
30-1,30.0,1000.0,26,0.270726088510192,0.01801179806883806
30-1,30.0,1000.0,27,0.4258155353579785,0.00012561513214364058
30-1,30.0,1000.0,28,0.6939570333842275,3.646771457460961e-12
30-1,30.0,1000.0,29,0.6554861992398807,1.314911820100141e-10
30-1,30.0,1000.0,30,0.5059861487411732,3.1199957353899503e-06
20-2,20.0,2000.0,1,0.3569562927864129,0.001668450583535572
20-2,20.0,2000.0,2,-0.08908865774041552,0.4472037740348973
20-2,20.0,2000.0,3,-0.12494228914433753,0.2854979253125367
20-2,20.0,2000.0,4,-0.1027745668542852,0.3802525011492961
20-2,20.0,2000.0,5,-0.20834525520845845,0.07285184695816367
20-2,20.0,2000.0,6,-0.0015410761543488312,0.9895304956001134
20-2,20.0,2000.0,7,-0.19743818679869846,0.08952592118073296
20-2,20.0,2000.0,8,-0.07515030807828312,0.521654780137082
20-2,20.0,2000.0,9,0.009671144604541684,0.9343686051559182
20-2,20.0,2000.0,10,-0.16977529694592655,0.1453382435687345
20-2,20.0,2000.0,11,-0.1057005757105724,0.3667643463649269
20-2,20.0,2000.0,12,-0.1216172635253777,0.29861383451785795
20-2,20.0,2000.0,13,-0.04451071738815188,0.7045484516659312
20-2,20.0,2000.0,14,-0.2876028011333838,0.012349939855360023
20-2,20.0,2000.0,15,-0.1618613663481236,0.16532462318194324
20-2,20.0,2000.0,16,-0.012896605903739988,0.9125548895007737
20-2,20.0,2000.0,17,0.1786350432762268,0.12517644352988067
20-2,20.0,2000.0,18,0.3569413180233075,0.0016692563220647358
20-2,20.0,2000.0,19,0.5609538017710037,1.6534774469926165e-07
20-2,20.0,2000.0,20,0.6112928602928392,5.706955334148933e-09
40-1,40.0,1000.0,1,0.356069327973099,0.0019897520051403313
40-1,40.0,1000.0,2,0.3331219507014338,0.00397912528249629
40-1,40.0,1000.0,3,0.051816521574229,0.6632924554552935
40-1,40.0,1000.0,4,0.15820958607114752,0.18127181641969217
40-1,40.0,1000.0,5,0.006608669338668303,0.9557476827987731
40-1,40.0,1000.0,6,-0.11566827437275302,0.32981396649188305
40-1,40.0,1000.0,7,0.042083444727278124,0.7237047590306275
40-1,40.0,1000.0,8,-0.10593706592402066,0.3723832723824689
40-1,40.0,1000.0,9,-0.030605551147701065,0.7971472677644684
40-1,40.0,1000.0,10,0.20321059761119234,0.08465257814266365
40-1,40.0,1000.0,11,0.10141549030056071,0.3932474135759477
40-1,40.0,1000.0,12,-0.13037294061483012,0.2716018101925293
40-1,40.0,1000.0,13,0.020752386885531937,0.8616557140580057
40-1,40.0,1000.0,14,0.05279615942097032,0.6573213430031938
40-1,40.0,1000.0,15,0.07707917793210375,0.5168792579676648
40-1,40.0,1000.0,16,-0.07194056599942703,0.5452879386961565
40-1,40.0,1000.0,17,-0.09241903051071715,0.4367658449046151
40-1,40.0,1000.0,18,0.06976841376800089,0.5575204642442148
40-1,40.0,1000.0,19,-0.22277921518219612,0.0581644289118642
40-1,40.0,1000.0,20,-0.18888985968062402,0.10949559808690269
40-1,40.0,1000.0,21,0.13547757058997253,0.25311316606242695
40-1,40.0,1000.0,22,-0.11629778612014668,0.32717081825047256
40-1,40.0,1000.0,23,0.1146035934294938,0.33431497848292496
40-1,40.0,1000.0,24,-0.03722890529935044,0.7545068717388266
40-1,40.0,1000.0,25,-0.1116605552143391,0.34695737219479567
40-1,40.0,1000.0,26,-0.013182591255389658,0.9118598901986055
40-1,40.0,1000.0,27,0.08195450720585515,0.49063775659853165
40-1,40.0,1000.0,28,-0.022634838082142575,0.8492475767003522
40-1,40.0,1000.0,29,-0.10658331818291639,0.3694570900308176
40-1,40.0,1000.0,30,0.1736872351200711,0.14167928337540464
40-1,40.0,1000.0,31,0.07217248906820589,0.5439896041491158
40-1,40.0,1000.0,32,-0.020697973357019398,0.8620148921347133
40-1,40.0,1000.0,33,-0.1241674433238366,0.29526874078305954
40-1,40.0,1000.0,34,0.08779411417295827,0.46015335957296166
40-1,40.0,1000.0,35,0.2422147170056401,0.03895924262231926
40-1,40.0,1000.0,36,0.37659909825675963,0.0010237123023702265
40-1,40.0,1000.0,37,0.6590171653522512,2.3182280815498707e-10
40-1,40.0,1000.0,38,0.8077108779855392,5.927629946271525e-18
40-1,40.0,1000.0,39,0.7359059705488086,1.198580325428123e-13
40-1,40.0,1000.0,40,0.5682205985066006,1.5751053500321507e-07
